{
  "project_info": {
    "project_number": "217799518448",
    "firebase_url": "https://tugas-5-59d57.firebaseio.com",
    "project_id": "tugas-5-59d57",
    "storage_bucket": "tugas-5-59d57.appspot.com"
  },
  "client": [
    {
      "client_info": {
        "mobilesdk_app_id": "1:217799518448:android:808464243662fca1a47a35",
        "android_client_info": {
          "package_name": "com.example.myreminder"
        }
      },
      "oauth_client": [
        {
          "client_id": "217799518448-q87ck3505vmjm94ich13kukt9ojaeq2n.apps.googleusercontent.com",
          "client_type": 3
        }
      ],
      "api_key": [
        {
          "current_key": "AIzaSyBfgUH82MjsukRf8G6Z0Fi2vWjmVfci-tU"
        }
      ],
      "services": {
        "appinvite_service": {
          "other_platform_oauth_client": [
            {
              "client_id": "217799518448-q87ck3505vmjm94ich13kukt9ojaeq2n.apps.googleusercontent.com",
              "client_type": 3
            }
          ]
        }
      }
    }
  ],
  "configuration_version": "1"
}